expr,tree,pebble,naive_ltr,naive_wrong
2 + 3 * 4,(+ 2 (* 3 4)),14,20,True
(2 + 3) * 4,(* (+ 2 3) 4),20,,
2 - 3 - 4,(- (- 2 3) 4),-5,-5,False
10 / 2 * 3,(* (/ 10 2) 3),15,15,False
17 % 5,(% 17 5),2,2,False
2 + 17 % 5,(+ 2 (% 17 5)),4,4,False
price * count + 2,(+ (* price count) 2),17,,
100 - 10 - 10 - 10,(- (- (- 100 10) 10) 10),70,70,False
2 * 3 + 4 * 5,(+ (* 2 3) (* 4 5)),26,50,True
(total - 2) / count,(/ (- total 2) count),5,,
7 / 2,(/ 7 2),3,3,False
8 % 3 + 1 * 2,(+ (% 8 3) (* 1 2)),4,6,True
